Nome,Peso,Altura,IMC
Jean,69,1.73,23.05456246
Luccas,70,1.76,22.5981405
Bruno,62,1.75,20.24489796
Antony,53,1.64,19.70553242
Kaylane,49,1.62,18.67093431
Alyce,62,1.59,24.52434635
Luana,56,1.58,22.43230252
Daniel,73,1.75,23.83673469
Marcely,52,1.65,19.10009183
Cinthia,72,1.56,29.58579882
Larissa,55,1.65,20.2020202
